x1,x2,x3,x4,x5,x6,x7,x8,x9
0.5448406459581466,0.39778970816702575,0.7583871681767645,0.09728026556354519,-0.4297326972064439,-1.0347905311647665,0.7603143015919627,-0.23323099149921023,0.8167109054951824
-0.267946965867892,-0.26854722726993047,-0.34491215758547955,-0.47240915768342395,-0.7529473498808829,-0.4334345873215134,-0.3013400892677136,-0.9896697312361386,-1.2051190223744226
0.529648759654481,0.5023009778833982,0.25564013092170035,0.3144721773344244,0.17524029107640549,0.4538922107760295,1.5005929143648342,0.4432819307053044,0.8692953182569417
1.72980463016934,1.283440111100173,1.369377087802842,-0.11718954469835896,0.8774330995693331,0.4406711947596971,1.4939941054867534,1.7040215640995418,0.8097729994683449
-0.11088307257070744,-0.14436333417605346,-0.27881188626097375,-0.7379771456736965,-0.49039587292183484,0.6505694015516816,0.43047136083565224,0.5120256820700939,0.8124199722703729
-0.16873494629688493,-0.14765919338287342,-0.39201448098517255,-0.5397924705551704,0.7391983496185328,0.641779065694043,1.9194720396803544,0.7795644411506896,2.113664617251513
0.7194277960139455,0.8246522957324718,1.6998465129393385,1.1289825770353332,0.5341171331927499,0.6300659114385434,-0.561076226044102,-0.34723792360544625,-0.48360779966443845
0.9124492097332153,0.27204394338665683,1.0728133396658222,-0.2697671017766904,-0.15874320194172775,-0.20052128280057713,-0.9861625453351515,-1.490179887893338,-0.9755248084814687
-0.11738583629153154,-0.8896741788743439,-0.387164192824718,-0.19479837587682308,0.25152077651943267,0.816946264849671,-1.5635418934089158,-0.8120277526781656,-0.8963729740669013
1.2993499241909559,1.079622727784951,1.079316071649473,0.19626120368333094,0.0997401157292114,-0.6412787026915521,1.8222007927241899,0.8587811573152766,1.346314411295555
-0.49384544823117016,-0.8219376791252376,-0.873751569184618,-0.36736938325515206,-0.3700224431047312,0.131597974597446,0.19612105870644558,0.42060148395217206,0.11617944055033147
-0.28492367179062994,-0.6031729066175427,-0.4966205619251184,0.9377386863839718,0.7040266339621153,1.6040719341534921,0.5684793531428824,0.49140938937955747,0.1297633613135132
0.29332329073712937,-0.11798931613145508,-0.0689628838316913,1.3052213304925937,0.5941591144499093,0.29385679159146133,0.42392055055200484,-0.31888738900982583,1.0863905835026837
-0.8996428838208486,-0.9813264204826819,-2.4685668670212424,1.0095434351467236,0.16858176288785787,0.36515754399486916,-1.460113707759478,-1.34668960715406,-1.4188439398428798
-1.4180524789652071,-1.325422354075934,-1.5854983235988092,0.9369707865611303,1.2101649031760806,1.5819955131762973,2.10366130089003,1.4785866551933764,2.0565916749775495
-0.3382214130846425,0.10549555860081267,-0.5547577796701889,-0.3396738168599078,-0.19058273744570278,0.12750158179974236,-0.7366336574804677,0.5058063677903859,0.2828774790182858
-0.5671062923809234,-0.9783780339316441,-0.306168111004129,-0.3151637834957509,0.3859271137704673,0.8343481842612769,0.3377190424163286,-0.531162073967312,0.07689337554210794
0.32604151533876236,0.3315707977062125,0.5351472731576575,-0.5358747329717329,-0.6149264794588242,-0.14300439437391174,0.9347058923145499,-0.6248256025151432,0.26026852935789696
-0.9049927062371801,-0.9697556741687505,-1.2268963977007719,0.17488098645967592,-0.7980170167762147,0.4480280856108556,0.14786500312854917,0.1562429188520997,0.8816514510552302
-1.0522069639089102,-0.13055293982534866,-0.529436304668087,-0.4989862543546213,-0.1675112430974468,-0.6477176002553493,0.22852629780553804,0.37741513695976014,1.129511910658122
1.601971715081152,0.5509147706332826,1.8074973702395398,0.02509398515725267,1.032943344140069,0.5062234511420257,0.14928340914386506,-0.07322741891618656,-0.6329744262912178
-0.5912271601536527,-0.03411512624976394,0.02964041094956424,0.5068663735330382,0.730451632965049,1.0034773198643316,0.1748760040040219,0.14476330516103736,0.06269420552799604
0.10721043340908948,0.30078049565438614,-0.02981825532080131,-0.7445189393100096,-0.5804586301571886,-0.8281549125373364,1.0820565623573868,1.1528465046861225,1.07423783680614
-1.4198468749464346,-0.8318040913688204,-1.6660490622815032,1.4139087882189842,1.359514761296515,1.8657577681913693,1.669001397909022,1.4033543260107832,1.3140684340279523
0.04251247194979085,-0.45518297071871117,-0.6388271625010856,-0.7373520364130706,-0.6952258099249728,-1.5178586443720206,2.0595841775238357,0.36733395876940955,1.8754189013019604
-0.5205366901456171,0.02571753290353579,0.535329778620554,-0.7945746304024222,-0.6310843828813285,-0.887067849101825,-0.4074942724058092,-0.5132592835750334,-0.27002701018991404
-1.1443636008464777,-0.788170915403968,-0.2820596973062288,0.4903290678229158,0.3383524853265095,1.2711227628357187,-0.38709864204352223,-0.6165538182109835,-0.8916058746002643
0.45144316470234597,0.20418781219057489,0.9554256278199804,1.1977031070688566,0.999892563641604,0.687620017766918,0.4359608301326339,0.09163664444426003,-0.34891688880540583
0.14569865975869223,-0.03489543622519958,-0.7361145896414342,0.45986060072801943,0.7230363981130061,1.0114491792951408,-0.2524137631843979,-0.16491523867426683,-0.38671303202741075
-0.25965510426381655,0.6800235757812467,-0.7103713481295537,0.510216256589363,0.7271161467681697,0.4318800659458757,0.6812308806296116,0.7797104676120005,1.3186728971538066
-0.7034451004607969,-0.6441913425637112,-0.4851814522419757,0.27348835102509117,0.16681755453105068,0.21482027479521695,-0.8616218985099615,-2.1800561821655693,-1.1577095181891033
2.2342853753833865,0.7486735373246252,0.9596746198329034,-0.6245170446832646,-0.6202313969624861,-1.2153946698140947,1.8976459670518948,0.8073858586888902,0.7583033728382591
-0.5900033399568447,-0.04476087665705567,0.11711958340977206,0.44189830012027914,0.32220768512233644,0.05880324202465846,0.0987460252065504,0.07079795601649438,0.4937284825511831
-1.7256911258127532,0.2914860847925972,-1.0109808705797778,-0.42687970312895973,-0.2372875445619269,-0.6791872435220349,-0.6934305973587578,-0.6917343626650658,-0.1545644745950775
0.8340417097038842,0.25431161128433993,0.5538758201455732,0.5351208368780258,0.5409675290160163,0.9677309288923527,-0.014859055528357534,-0.6848793740462782,-0.3510560796758333
-1.1774966097178623,-0.1989438328020885,-1.7366405118806383,0.02695550488072973,-0.33238087621025747,-0.2801624148852682,-1.5362736966174015,-0.9796506699849592,-2.0262221040732387
-0.241402250848481,0.8172848421339051,0.3934172781321665,-1.117888240362274,-0.5371055196499633,-0.7955365153819275,0.524481354700951,0.43919972843023414,0.19452386339954753
-1.284393520184079,-1.5932043833990406,-1.9767834473565626,-0.21368479101178553,0.39463797144097956,0.04117161108890843,0.1955895075465717,0.11950808543051109,0.0063984465626447246
-0.965028553610265,-0.7021370025547912,-1.6633341782927027,0.31705316716271514,-0.20659081226862336,0.19693261395277495,-0.41030455150693346,-1.2880656559325825,-0.9598510390088708
-0.06814246359939255,0.7891615143598018,-0.9717297730304486,-0.5342263851521957,-0.9816172932637584,-1.1499829378190491,-0.6944726270300035,-0.9891996523229499,-0.44702656568646904
0.07865150452797054,0.36527550960179245,0.6536139599756149,-0.7091913210287175,-0.5096499404018953,-0.0401647943276201,-0.10268155928733841,0.009037178332599288,-0.019774663835062767
0.48607755626403426,0.038525652792034626,0.8631320917388711,-0.5577898490055258,0.19093612878674582,0.7719001218189158,1.520532632278757,1.2311042520899487,1.4050468620356402
0.16756184527287196,-0.3136261632512259,0.5604202316697315,-0.02351670620940638,0.24081326552426924,-0.29643516404439696,-0.1902672136334974,-0.4163264537800976,-0.6441798992936012
-0.2805533019831842,-0.6166752791896489,-0.45383182866486865,-0.36841657984045795,-0.2572789435963907,-0.18036573573593906,-0.9792585566870824,-0.9625135054663572,-0.8608284287186355
-0.44416279387487556,-1.294676411283602,-1.5715546154753968,-0.3128880876956981,-0.419007715786748,-0.6251243832770278,-1.2084184823464768,0.11382377139448621,-0.6070509279776358
-1.003909273246228,-0.9934670525811986,-0.46035008512522824,-0.22543010648427425,0.7583803315911783,0.3142398297542965,-0.33682183942605576,-1.0108830102543607,0.4059362091360253
-0.9787210851377256,-0.30881375236816083,-0.8139290695391254,-0.652184336851979,-1.654020630438733,-1.1855862557421941,-2.060980540386545,-1.4241910240767408,-2.5409518384900185
0.5689345530226348,0.43199626592978424,1.0721267635248106,-1.4724409587870446,-1.316623451975687,-1.3604805170654286,-0.5038415266620526,-0.17250830203489734,0.5873674491811092
0.25666022511257003,0.334047167414222,0.6156885719654914,-0.18697249679125405,-0.5442128589363242,-0.960106065361751,-0.030218297042318376,0.008541802150017569,0.06373143883590118
-1.3130963445611104,-1.8564863672353646,-1.0959628502727374,0.00012002337919614359,-0.80668853065996,-0.4683188574671663,0.4751766034562861,0.9662432248274839,0.5717875325550932
0.16277275237330405,0.3592108714621393,0.2516139418633344,-0.00976487145911753,0.14729353414577473,-0.08665995715429287,2.181355155282472,0.745599787569555,1.45630193672036
-0.1672436657273345,0.06385398835214834,-0.42804355244547126,1.8904093306034464,1.6973374181558938,0.9950917119624187,1.5304599137241486,0.5048191197124114,0.8775453756545497
-1.0421533699209446,-1.2713396572427533,-0.9604228349779873,0.20867296585902356,0.6087163315597982,0.7450223448620753,-0.4014331800911296,-0.3036415617386633,-0.0706731445492525
1.0668468727019982,0.5777960301276364,0.2197565183408371,0.23971084547325894,-0.01967660868692557,-0.4302486726113851,-0.9455558116200145,-1.0880695445689406,-0.9650107193804166
0.7919391466397333,1.2127672627364825,0.8373080134857451,0.38501996089504026,-0.5173772516009143,0.255706239172628,2.0291088163565316,2.4953264926096255,2.0784992596973924
1.1919424279282098,0.1680396759048568,0.98509830993105,-1.0702715753409051,-0.9483151184622571,-0.30737796603965706,-0.1332890432522585,-0.30125593372057535,-0.01295597351401346
-0.5342838800270292,0.0815766884792345,-0.3898619204070749,0.5421756112318196,-0.16303774732424775,-0.24868311894116815,0.08915342714160766,-0.2124682074556843,0.0439671746093115
-0.06466861301945809,-0.048841059349432114,-0.5995627185382311,-0.33094551697569174,-0.3291470859465905,-0.16403097481397366,-0.3226128972430387,0.06486805166418842,-0.8732062161649279
0.4929176572157328,-0.05012034032086879,0.8952125158470163,0.37365229998241445,0.7385605102381702,0.4903207484254541,-0.29377832536072657,-0.3422004778929371,0.361543530606549
0.9595195257048134,0.660573957922569,0.7695411739930957,-0.5576560193333701,-0.3559852361965762,-0.5557069408293809,0.13359616002095343,-0.25932457304926526,-0.521812860618271
-0.12625028632921442,-0.11209120148301399,-0.4398037318001354,0.36175371480471874,-0.08104062280599222,0.49779396998349,-0.2071177718154647,-0.2745821003160953,-0.9776287674745108
0.38313383072191887,-0.09955912709970736,-0.46597775065656477,1.5505144396659751,1.1715191504746063,1.6765379890462089,-0.7592134568563107,-0.515945420621279,-1.167110785960637
-0.8064595113242345,-0.558932084825672,-1.965397580714602,0.23038736945539912,0.12315659547891376,0.09501544746109107,0.33193955613224113,-0.060282032711178185,-0.7470349423415548
-0.6733637962291317,-1.2056140740882162,-0.7229678031281838,-0.3780434116161192,0.7372578208777656,-0.13352441904187184,-0.6873709085731445,-0.5921301847729838,-1.0312612952653042
0.6141263802004677,0.6365124052903698,1.0260107989917515,1.073851290520151,1.1153170688251282,0.9687920182957106,-0.469010530926539,-1.104780171546322,-0.9251695874616441
1.6610389090364475,0.38388222123758386,1.1080850028664553,-0.9859731727229388,-0.6868920070512329,-0.006182089790555789,0.41328178719849995,0.2031384439200232,0.8770908599333345
-0.328165018087975,-0.09489750964571382,-0.03801282253235169,0.5922924671849964,-0.1674782672168436,-0.10363120804205753,-0.21742679981816943,0.5234891764642979,-0.4398313660368513
1.5232024914779458,0.3409099719385009,1.1095552951844616,0.4607559753564692,-0.4942164630185901,0.026508294882656186,1.3850907557226046,1.0601557443212573,1.4246937322316324
0.27324563978037,-0.04106675950256272,-0.29954592021174636,-0.35824569324701394,-0.02523467465861036,0.3612400858183763,-2.3273477042694384,-1.7655732189760884,-2.2256802729511795
-1.0884058445313187,0.04285344186058804,-0.7922288500831297,-0.7827335422662072,-0.3545634989202927,-0.7794343333016645,0.7946188481667307,1.041143898392467,1.034782241216555
0.3403582503710469,0.6895009720935974,0.6429619168063034,-0.42267372798722014,0.41209092861690066,0.45125037593945316,0.914524381645967,0.36452743612966065,1.0904992889574687
0.958008590182823,1.3202808448890493,0.8825171405516726,0.3124302208808657,0.3182183944148057,1.3937474599686492,-1.9573435245426154,-0.7703672994338622,-2.3441687146070325
0.30759658830752845,-0.4620033332459977,0.08517973766769532,1.0377011725617369,0.8878615161545916,0.9916348339615445,-0.3448597405105919,-0.1589497972871233,0.2719521846393709
0.9906653329302488,0.9686871791918835,0.8655465683832435,1.0792808737759014,0.7321927751591408,0.31092590221517624,-0.9166000123421318,0.39273415343858964,0.3885818780589418
-2.2742694565577075,-1.3485824928711474,-2.1711986007073594,2.2466694644570886,1.17317055960608,2.0593916500023512,-1.3224708546310988,-1.2784713845120705,-1.9398240028951137
-0.09829428887803338,0.6320185185186185,0.7254556610187081,-0.0556045259944572,0.2986721946562748,-0.4019878045487872,-0.7362035474205687,0.18275308770951726,-1.1096464551863396
-0.1112848731090937,0.9886647637593976,-0.5677103649478497,0.47298929874522166,-0.03243996514274883,0.6927420235107028,-0.9909325773708151,-0.46734089421216685,-1.1114423978700483
-1.2087576110242768,-0.05197800956835846,0.19678912636358786,0.06298485509287029,0.202235635575136,0.7463120704929302,1.3052173763905868,1.4478053447374792,1.191228281117184
-0.5601525081658875,0.14105219017086423,-0.2112519318372676,1.078467069685758,2.3423045409442262,1.4353803200066055,0.7238370345739173,0.748584656944482,1.0444967752150611
-1.2858892692229953,-1.5149448259016254,-2.112912997946556,-0.9689866548825967,-0.5630888619246068,-0.4503010076069919,1.2090206832297525,0.7906771192661313,0.8530907045320977
0.13858255319032337,-0.10035395957334542,-0.11747702016138359,-0.28583682050563786,-0.663820903527141,-0.9980939862662558,0.9271444808875972,0.9853831082198136,1.5155272847615526
0.45587308192338305,0.1889908655060049,0.7808562541320578,0.16671901306407494,-0.5625530209349864,0.14829778158329876,-1.1631475077130904,-0.7341922919128416,-0.5399271563580679
0.7955247785415278,1.3177693019944976,0.9237759126760057,-2.1928561281998142,-1.558883679721828,-1.114500010611579,-0.9008965551794768,-1.1539920678307025,-0.3870386273989103
-0.43370071707570984,0.019891773926280498,-0.44177125650709403,-0.6575897210057665,0.18111087469407933,-0.7798421546260241,-0.025318115914906736,-0.10431239182325835,0.8512316104330191
-0.6482358979507775,-0.8803413062284111,-0.5561176424716396,-0.6178684320265293,-1.416137627619391,-0.9030422497617603,-1.1725834155915273,-0.9298277671014606,-0.6575548582598274
-0.8647515105446464,-0.8837231119322868,-0.17433909632082528,0.2323794927088088,0.7186491310518756,0.47918956262050766,0.4296302170113068,0.6230984943868937,0.416119591931852
1.3336810148685196,-0.09370066684986689,0.8944385280427568,-0.050436627346930885,-0.3303536779360465,0.15272811828363764,-0.500258745005491,-0.19086317427065283,-0.5427797561591075
0.6139458039580161,0.43332230752679657,0.14906486306038708,1.670561089158345,1.2066586557573544,1.6703892681214025,-0.8183033117396359,0.22521375063274707,-0.3060815016067788
-0.5121938325454967,-0.8121787851064766,-0.8078202716498228,0.5708033317204737,0.4935989186107704,0.8655368225844093,0.386319643573118,-0.2827687678730059,0.9845184211823199
0.4213682820884972,-0.501869034001644,0.49639824302057045,-0.4673038328812341,-0.16841125105539423,-1.2870825525752254,0.42798129723442035,0.3684194926422919,0.45546113979880287
0.1610151626574533,0.22338572635601395,-0.34148581038100645,-0.5002180378772065,-1.2681400106973495,-0.8141083026512171,-0.050761146321038036,-0.9798680062282179,-0.9556681421135709
-0.04177795494340497,1.6752513003461387,-0.29675970191824264,0.39610424512957976,0.5292124864873311,0.1668361447301856,0.70449462144807,1.1154157805486409,0.7222670454474862
-0.6605134281101207,-0.493865530330104,-0.45722386282655003,-1.2307409218271412,-0.1144393955997084,-1.3854590152784867,-1.0300497909372917,-0.7945278150967292,-1.0025461402776588
-0.534923416477334,0.10603280716221902,0.0666780044964867,1.4213230911131507,0.7367515342609233,2.225765690656444,0.12206916201648671,0.5989989136706318,0.5240758045195053
-0.7143345264636924,-0.24174396377348428,-1.2980703120356774,0.9082069128948955,0.9014905515490591,0.5588933509374557,0.46190533822479646,0.06961769634196213,1.3228080028874687
-1.283252075660077,-1.06401632496894,-1.7210557352028817,-0.5233449336366149,-0.593215827591937,-0.09697601219504343,-0.5870086051275181,0.29510346514330726,-0.8329869723421905
0.95597083239147,0.5749147871403106,0.5141699537601976,-1.4740260483395429,-1.0288392878864,-1.6534062483145133,0.49015754309017445,0.6449829811930231,0.4957554167522561
0.46518136225071544,0.06662887285046197,1.05794793284658,1.722556767534217,0.9553697728820897,1.1065810693505378,-1.7152374578818868,-0.642361782264957,-0.5303569754154568
-0.22438083059915,0.11053634527848381,0.012919594048377961,0.1327359029744012,-0.3367726552945564,0.21306289769332848,0.5953697463845359,0.5950120146994544,1.7402042154553294
0.04136340584234591,-0.035531870884197375,-0.502329596529286,0.8720609223671053,1.0616203323298528,1.2500551986036719,-0.027478773477694396,0.10251141860796056,-0.3281708920722747
-0.5725544190059306,-1.2579957008925096,-1.3469922442873088,-0.9967603652311996,-0.39436011724135955,-1.206739694027118,-0.34464460988622986,-0.6486631415582672,-0.27387893737905566
0.03333721495282027,0.10236521387885783,0.17136977717045082,-0.6130278142654223,-0.49592403275856045,-0.1521636564452511,1.9164208462617103,1.0765287216941073,1.172012446132659
-0.2503194652533459,-0.30988406424690207,-0.5668287365239066,0.4734448148092031,0.29157376666200097,-0.12780402352696424,-0.4235549426070444,0.166751774349637,-0.555716628867167
-0.9005965264595248,-0.8638921522522711,-1.0417263449595584,0.18544135189103123,-0.48442276751314606,-0.2026121594148323,-1.528390875827652,-0.5576786834628172,-1.3071532472229261
0.15026075611262868,0.10170393926195503,-0.3382545493722212,-0.4029732347850865,-0.6976203807626741,-0.8391191349544386,-1.2834890376547523,-1.3814814093896963,-1.2265761003714952
0.4806348396203306,-0.07655159294623809,-0.0176856721704004,0.6773667162021101,0.6249574637954001,0.23040072712116677,-0.22569057231006906,0.568773892851189,-0.4674894778767985
1.8670260089795172,1.3316025937950224,1.7466354374873954,-1.4824468043334753,-0.15368788915343,0.21877938367915517,-1.0565833817157309,-1.4135571642508573,-0.8795586212216024
0.39373097093825893,0.11855687032460585,0.8069914149364793,-0.564610575580957,0.04257969999935855,0.36973029577555055,1.0706129227871883,1.4573120518593254,1.629785925250715
0.6258613987059456,0.6146434998385664,0.36102706089689957,-0.38133349719010307,-0.041016270010932554,-0.43216367794249955,-1.299387416082913,-1.2771092203735899,-1.962726425806656
-0.27365081723716095,0.1377671521156641,-0.16794272504006555,0.468728305152482,0.3598237460104659,-0.06598823204455395,1.1373489847938165,0.43959292199016087,2.3455556097488577
-1.008059345985503,-1.3531506342073867,-1.8436186013353548,1.2622979022651486,-0.002032678925664222,0.8331998149673974,0.12210760744399607,-0.31700131052311264,-0.08005788703386432
0.057828741517586366,0.30854680686566305,-0.6491388113829581,-0.007193614993242448,-0.5454433337443617,-0.7932719637028955,-0.3315936260580753,-0.18095473700678152,-0.24827219630936548
0.8782885170029273,0.5982441665656439,0.4074510998057874,-0.972070896012195,-0.7209466945855718,-1.1611492195351145,0.2596052712941727,-0.5017872596225953,0.3061941427538389
1.694918562752402,1.9473936012804451,2.185783022431637,1.22247924749659,0.713537642195724,1.0479268222871791,0.190811785034492,-0.20439549412107255,0.026397980976921143
0.5404967494412017,-0.13051162740943353,-0.24531683373926055,-0.4545718840774223,0.04460294928191352,0.24890090678047241,0.702915055451802,0.12924720004347964,-0.2539173453569791
0.32040218725194913,-0.3136513533065351,1.5486356352381958,-0.8158587491388516,-0.41758928372876813,-0.5424860732371554,1.2083022104605239,0.8729007609877698,0.9341615244425294
-0.288336617209974,-0.4503437040238194,0.08826057061155552,0.9258080796547229,0.9111184884495278,1.430393980487603,0.28420880986378616,0.0022517012720200125,0.4390986766476554
-1.1284967637173544,-0.9401645080755394,-1.3525266538956524,-0.1557993318661595,0.054519198154672086,-0.7836129782354413,0.26773466809651,-0.1971053670400309,0.21839258825701519
0.7861193283342884,0.556171089296801,0.8579974945813011,0.8761802198171453,1.6653967445112845,0.9694476134273664,-0.13337085048458408,0.16495430201692635,-0.8443011298533754
0.7712128047101859,0.4515646016865635,1.1361180130967987,-0.13482144595076379,-0.0515473433113224,-0.2797959404350274,-0.816625530715098,0.6223009086305709,-0.26411848659983655
0.8419597528486374,0.5763823328889757,0.757236916553848,0.8568784157552746,1.2991874866089022,1.9247576999571931,0.13468805745334475,0.022036644685826556,0.034079818717968696
-0.9569899654112227,-0.4246941166136249,-1.3937599006422117,1.7034367764015772,0.9697218674561793,2.773910359240248,-1.030071525651572,-1.4419846417215663,-1.5700399714801812
1.1124936118444864,0.9537565064316329,1.6302064536725707,-0.6282685290791814,0.12340188466462326,-0.0770750674414444,-1.0981072110742125,-0.7472467293092006,-1.0430294164432101
-0.2645727067890792,-0.7866950864241158,-1.5289235907286505,0.8729555064079442,0.6076099963808076,0.7490019813899607,0.03253533649674201,0.37707311391710596,0.8362199869756323
1.160502943080501,0.43658973158423725,1.2774904949072616,1.3459338275681074,0.19201394938103283,0.9495589554175337,0.1157305702713657,0.06384692642426562,-0.5566258073042132
1.9268939685175956,0.7431323115254364,2.40342928951484,0.7271514093913096,1.4865637031818488,1.4248435566627988,0.5344555374200533,0.1670729252429932,0.25999139230693125
-0.7772276688372706,-1.0691095851189836,-1.07041145088112,-1.7840537775626157,-0.10760522060061817,-0.7003933183413575,0.5135038326662024,-0.750838681857142,0.11761807815750325
-0.405025652994913,-0.45404343301058653,0.0027385880515504724,0.43443947924670717,0.2400665957034254,0.8601865512848639,0.25326376054292415,0.7706281236942374,0.8666363538630665
0.32512828116227965,-0.4141219415750942,0.11682843278983843,1.2871234434790988,-0.005718839749535132,1.7751994640964457,-0.05122803342425458,-0.3487595664848165,-0.3081043813621566
-0.8118975493723216,-0.11246146588285763,-0.11201861865569152,-0.6236526074502539,-0.828112164561411,-2.0352209119111695,-0.7692465884690709,-0.709410565606491,-0.25994506976777654
-1.3434813598222441,-0.4731640688088139,-1.2017039610417295,-1.438426647913587,-1.1021328891700441,-0.8754798306746159,-0.5248724306525423,0.10139801687979752,0.36287885416796417
-0.6125832497062139,0.5354988230431458,-0.2768359846709248,-1.4327060529134719,-1.1112122847669628,-2.205861411976706,-1.1524846173438474,-0.6998892023223149,-0.34204519737242955
-0.6901537219387722,-0.8289897479803566,-1.2134932752804792,-0.4016496502676676,-0.9766263111959247,-0.02026109246320268,0.9517577119748567,-0.40670359237784,0.5763277345501361
0.6377523203892417,0.9278051561846079,0.838217514604128,0.5316544629151156,0.8593185143768973,0.27831342562192835,-1.471664116121994,-0.5938332319851937,-1.571491342391218
-0.9288139723067922,-0.5841299810828176,-0.9613919436530391,2.2596229804836367,0.5671811647549071,1.1851746214443915,0.7259709181105077,0.7369391990361979,1.835213961771832
1.8695422293300448,0.9501196950650618,1.2334815792189868,-0.5419123070222412,0.34417199392045245,-0.05135066331736486,0.2581427074204822,0.5080190898680802,0.7809525830836955
-1.1169088990699263,-0.7936383700517419,-1.0869769948423547,1.404388301054863,1.1457401090344779,1.8560806787520463,0.9664784232803033,0.55984072224933,0.45992452928425337
-0.8433991650484686,-0.34643093593922425,-0.1204157383477236,-0.91700389786574,-1.347646788509082,-0.8747095348164368,1.4365363533012365,0.2794187057377396,0.37390011893562813
0.7405945013197246,0.41419132474227727,1.5571754633299608,-0.9283914215083848,-1.3551822327193204,-2.031331145998193,2.2198916489493152,1.3552208707378948,0.983603953030904
-0.5658521321023025,-0.7934385325535736,-1.5347910504922688,-0.005244897728936847,0.2356439935550472,-0.028019284607017407,0.7478779678544838,0.6030026091531738,1.0300192513730588
0.8555390242664511,0.22345154664283645,0.2144017238128197,0.4304725749530868,0.31120359550360877,0.06182696214570754,-1.3544495895664783,-0.9499036518455541,-1.5985783290911846
0.8621604982783666,0.9162183360590653,1.741316701020357,-0.18281522544399095,0.21087886852312854,-0.5328272375548176,-1.6303185931568778,-1.746594844855589,-1.3972682960654579
-0.8545142542764639,-0.9504629962943192,-1.4785914676033909,-1.5463029035338585,-0.6566332362217192,-1.9475047102056373,0.09091890829076676,-0.4770107244834828,-0.505943640081287
0.1323036990255605,0.6055022108871495,0.3471191911789674,-0.20857294180919494,-0.6880806723433724,-0.20360115094383746,-0.446238980338507,-0.222864527166001,0.6589327164071889
0.13885531542241097,0.561739610150426,-0.19106289643517074,-0.7949468444614622,-0.2662436203659476,-0.20333595591615894,0.5008374418803501,0.5352664945820482,0.7440541082423302
0.9789222724165173,-0.046683177135844245,0.8749634234826388,0.38789390464657725,0.510513159190312,0.7758892240913131,-1.01951606157591,-0.320002994260145,-1.1095728357392143
-0.7286314173370977,-1.8874339515754393,-1.1881133457920932,0.44411875443835325,-0.10289484706145752,-0.2211085788145315,-0.08613331911381578,-0.15231362279485564,0.12348655717219302
-1.6869221532611207,-0.5505916646632838,-0.7941189535039035,-0.7636089545358756,-1.1900413007247446,-1.0718014093629966,-0.9392113183025382,-0.8136375983177432,-1.0018312314590148
1.0081693923838766,-0.1813923834343401,0.9447018296811084,0.03932656643951238,-0.43535499844649883,-0.053926907431264826,-0.7323643466638857,-0.47232860951729555,-0.705445989256178
0.7896242802455296,0.11798311050615681,1.3031116627173132,-0.8679283069465558,-0.3727894205524823,-0.11791506055208645,-1.3409779587381694,-1.3433196587198388,-1.4314412534152572
-0.049830800327110514,-0.29270021518163025,0.45729683459671916,-0.7593562651012902,-0.09489501624223401,-0.6908045124410381,-0.9578941148587543,-0.3094697940967821,-1.0219681545414159
0.4354799809725442,-0.47827842838412493,0.4421219151801447,1.2688824566865873,1.2730615964498058,0.10765833439549644,-0.748014119780944,-1.093862104110412,-1.7185702938440583
-0.3464077027496972,-0.25943221382302833,-0.5342685287897073,-1.1508737574134826,-1.2704785084555041,-0.13876737155327645,-1.2226437196068742,-1.8459065648127897,-0.9293478002868755
0.2900724640583657,0.4662396521337613,0.06776181032062786,0.14173067695474761,0.34799698172406923,0.6094875349144215,0.9311300080918185,0.5876204349767652,0.7240345622081316
0.014335917100776974,-0.02545342898161093,0.3991587633534896,-0.6624706123153495,-0.8721377106259561,-0.8245489492857434,-0.2723354501433311,-1.079996750519949,-2.026238475949656
-0.8401304815963149,-1.5364629094764215,-0.7610768402793429,-0.08452302854154836,-0.40955822953365373,-0.4997339145871357,1.900627106064554,1.1901571192017952,3.1903326681543174
1.482397980519227,1.0875443785003363,1.7465814505381267,-0.9398939735551245,0.27983370407072966,-1.150626419565853,0.10748676440567068,-0.14964812467240657,0.8794939724794691
0.8481579444331759,0.48840464679926987,0.9534886430637927,0.4269055555284984,-0.8929743431659831,-0.9303678875385722,0.0556590488837988,0.17314867531959974,0.01583222135538806
-0.735602735924346,-1.4254770755515054,-1.4747901735942401,-0.020496720651324907,-1.4292400563938812,-0.3671559056752297,-0.21479614080068687,-0.06939411482755697,-0.7649943822668528
0.37699715407262135,0.532931493955343,1.046849672222065,-0.8690067484194149,-0.7589352660935961,-0.7083820475148317,0.6378909559085362,0.615490705132286,0.1616171525410675
-0.47106585192251926,-0.6884011088283232,-0.3503674762686432,1.549822506086597,1.5500030137348761,1.3626942387077352,-0.6729959788332586,-0.6455478336527376,0.16021510751034962
-0.5097493652580686,0.7826758224601518,0.6611487325717753,0.1424324715204457,0.1864023883648891,0.06601206133589937,0.29115851219150507,0.26776854832003405,0.86872431109007
1.3863827433547646,0.8588490526708441,0.19399406150322573,-0.3513314350423331,0.004505021134051768,-0.999922807617162,1.6071507706804664,1.6084230527005594,2.366753575740525
-1.3524313661926084,-0.9637051991988195,-0.9817428813543125,0.42927016296740045,-0.2786355343456641,0.29473542193052665,0.19569588439745933,-0.34508207747251274,0.322958347921953
0.6257245268342047,1.1529918911368218,1.3858363349443334,0.13237934664871553,0.19345680739659893,-0.45923377366695656,1.0828615841092477,0.3427462611067793,1.1044607052306779
-0.1176432163012589,0.2255348196447608,0.36235560932329564,-0.14094340712447886,0.3223242853179339,-0.36211297524398894,-0.6856645285562637,-1.1929550202888088,-1.1675489581636709
0.13977553770722972,0.5645202961921701,0.3401332510770767,0.41239799191180976,-0.2815183435722091,0.15442387212299108,-0.3634251117764618,-0.18046142597165132,-0.19621898903272844
1.9817651010745658,0.9544479042284846,1.5052037158972655,0.5454968545764395,0.6581161274007045,0.9422114357720375,1.0619681395950251,1.3027818409129097,1.6464917587807417
-0.38339097332705296,-0.34908458167861345,0.11539870619923778,-0.5023642302294944,-0.5730227357304378,-0.13407058618680856,-0.28764671169184985,-0.477526408457393,-0.7460894395063684
-0.4643873787937054,-0.881536400661003,-0.4596691206411889,-0.007146553768918207,-0.43568183769193436,-0.6120846445631776,1.9415510473931679,1.1023272194189064,1.5437423912232215
-0.7303797752520923,-0.6918385247072355,-0.8961358263308488,0.017381331191029525,-0.05346559459081626,-0.2322513294524683,0.3112784495528625,0.11712793054012033,0.6004169189062821
-0.46183189708310207,0.11361619258113065,-0.8809590211947695,-3.01769238565418,-1.80623624096033,-2.651165614115444,-0.2666187392948204,-0.15042826645199991,-0.5385714974510255
-0.03095261110718122,-0.6027316537624154,-0.22609479809022254,-0.9497925391469375,-1.3309169752036314,-1.483542615181412,-0.32888461619641085,-0.08416735063976938,0.5900703613489622
-0.24027530982211276,-0.4066181767790458,-0.06192729646442152,1.1713938918431297,0.970472954206377,1.2101049938833743,0.5441964674385041,0.9911992802761012,0.45105697810541645
0.6198593672428713,0.7821516905284568,0.8951719951847938,1.308490668222668,0.7165790239057774,2.528788178563145,0.48502439662539637,0.03438016598134752,0.27282250634430233
0.46424396596429407,0.4952988034644702,0.6155367364478855,-0.354636212880657,-0.608655279243539,-0.668919245910406,-1.6200531427050986,-1.4001313988645334,-1.9270359541813984
-0.6122312459615749,-0.2585277711494317,0.4985651110203149,0.9108906584390186,0.6753391873216379,1.1045721622511646,-0.9563122905757333,-1.0957100993236788,-0.26329723836790164
0.9915811973394885,1.4334357289685524,1.9167070902105658,0.6280107084839721,-0.24164250588298722,0.6788686484755058,-0.46512673102875834,-0.373823903640308,-1.065025548732484
0.3885784496633595,-0.42750599916131493,0.1611332093450237,2.1539535796347464,2.421741566282351,2.8832472894057686,0.057330348050512236,0.33802158302115914,0.39444605113672854
2.516224030117092,2.6345223020315074,2.2755041248434376,1.0584808439974756,0.9687389551457841,1.7110656139691727,0.4216060706779925,0.6407217036630573,1.1131446467007478
0.36107302444886136,0.7091374919712119,0.7245926491231494,-0.49099676700112765,-0.7798650055527753,0.03371635671005527,-0.7531316925833857,0.5157595454644917,0.03905866604687988
-0.8254291268603976,-0.7951748527496789,-0.7811200433310208,-1.316279618395913,-0.93990416935456,-0.7043227182732117,-1.9165555480221075,-0.7258840327234966,-2.2430647579700107
-0.9853680189358429,0.11329853666342282,-1.3252839925470523,-1.535843946042044,-0.6468686629613516,-1.4670499494388334,0.06141220966190042,-0.17532943570797344,0.19765384111845066
1.2166771256188846,0.09544472146889432,0.563968886407508,0.507728297646882,-0.2500416673488165,0.6725448252479518,0.6715432306484793,0.2950943319676532,0.5238535062399132
-0.025996047368059383,0.14041419907562716,-0.6727324232571869,-0.223830578077008,-0.7152072266227674,-0.24212797723151952,-0.651169578745262,0.07977366190474278,0.09957211516637043
0.7432170541501015,0.6195173780270611,1.1176722000675083,-0.9325687996392222,-0.8107532394176132,-1.5302992536363917,0.6647325099830452,1.2887764695038513,0.7666152954758625
0.7907034812715728,0.8519628529610006,0.24006694319683314,-0.22721999265482234,-0.13924481525673038,-1.1096144736577809,0.4566385810321548,0.1050300496137081,1.3626080186393543
0.037252533485107195,0.5736242398309301,0.01491784095795022,-0.6587670880455326,-0.8576991569478747,-1.0545854582112184,0.9226791746661286,0.6789051312155501,0.6792329362262894
-0.7810518327830053,-0.5799539430215768,-0.6487991976431076,1.093120669968871,0.9419950666741386,1.1984120458062497,-0.2101412938520631,0.3080655500224548,-0.43297478606402234
-1.290417719382683,-1.3617602054185787,-1.466924491698909,0.8780808234291366,1.1860957745440186,0.7680659514083634,-1.1755731529164217,-0.43082457277475905,-2.133904508002565
-0.3858524654192425,-0.12857160927126812,-0.16718593627020908,0.31378569703777903,0.6899790165973995,0.48779987668870006,0.400197431341054,0.13685811634101114,0.2558494701754188
0.6702301408548413,0.3283930081255881,0.5807974522421153,1.4856718430374505,1.4275041175357364,1.1490290629663074,-0.6860764421923914,0.43031024484624264,0.10153620670662472
0.46232681275895515,0.955220519901792,0.5412032887000813,0.5374599947079519,0.08828507237934244,0.05250212435822653,0.5245459564089937,1.1027659206522986,0.4429006284211626
-0.9758126686466707,-0.8174030126652966,-1.6595567729394887,-0.4057058221821855,-0.9262052295861551,-0.7519466872720791,-0.9352402584737325,-1.140780673847695,-1.363200403265342
0.43160077156717735,-0.024901972429016095,0.20641466508462855,1.3590785448323592,0.7340090914661339,1.7101840224248055,-0.661537776456774,-1.3707556772987277,-0.7683510562226916
0.27596727173963653,0.34359428815614906,1.122357241379267,0.8591881302742979,0.5862426726855641,-0.41373669427764925,2.4130173652408535,-0.014797016230073123,1.7218991840237048
-0.6756318728344702,-1.1575507211526717,-1.1956042224232495,-0.8404054271607893,-0.5587130196730459,-1.1762016567999294,-0.8652892988847595,0.257396203844874,0.29060077050671557
-0.6763001890564208,-0.28103804124239107,-0.1327453928589655,-0.5050208029579737,0.42740236252004604,-0.08679133336345829,1.235079217802543,-0.27620959506259646,0.5941152247030529
0.41309804463779254,0.5209116660899701,0.2579509864649659,-0.7657213882853113,-0.35275274035487425,-0.308024845475537,-0.0923243068557733,-0.12910475788384632,-0.047773649903902815
-0.7757808479053014,-1.0628369200699943,-0.9568405552717216,-1.4042008426940487,-1.5691919323789625,-1.4412807368703846,0.13873647335779987,0.1957545724626059,-0.11588872812577783
0.6854339322224876,-0.16831324082897758,0.46226066402287863,0.47087072803556046,1.0691033303613164,0.08293871036172762,0.7324221466603014,0.7308688789151639,1.3167117903592558
-0.7098745301828883,0.6072102694686785,0.7003809257904764,1.4697258440898975,0.937367397403326,1.966359554809572,-0.5825303159331165,-0.1910533640784928,-0.7153656337761577
1.7017908764525127,1.2324175320878927,1.2286347062824574,-1.4358220274552975,-1.1325858104543394,-1.512855771967479,-0.1510365497427168,0.15620048617902998,0.10459778284687807
0.7872057903658529,1.0252427606904588,1.392301783613902,0.32719077749684056,0.4941585481840774,0.030805649385369283,-0.23801673673483034,0.18795362323182757,-0.39556859908210407
-0.6588623676706663,-0.565949483247637,-1.075974968389977,-1.277959922078976,0.3428171975283069,-0.8353164680949339,-0.9544664606145241,-0.6850739114981397,-0.5917602818136969
-1.1662224027823105,-0.9591955633683702,-0.9405455977710275,-0.30438282406258144,0.9029796537668572,-0.5122229884505662,0.05289396823379472,-0.48721854181146007,-0.8272411302754157
0.6571377757919556,-0.20819957965067565,0.7325612209688863,-0.47343294924620566,-0.17198652331273528,-0.7750523976302675,0.0112292553528687,-0.15357013796473065,0.32911019591740887
-0.010337464539695418,0.9601836264207408,1.2223601297790743,-1.0180280681711291,-0.6780721862640263,-1.6598181155514622,-0.8350266329469249,-0.003047310419390048,-0.455275348239283
0.1625305647665163,0.23146144487737919,0.4104894191224137,0.30251556972882365,0.247767398953599,0.4024959439051972,0.8245997572604912,1.23918872325949,1.3302767007907967
3.847797734070492,2.5965788368762857,3.0776466197209924,-0.28973203807820685,-0.22660291113819198,-0.23790508825844514,-0.212826155030574,-0.44573498382624943,-1.0185866945732203
0.38043944824919496,0.9309010142248402,0.9566337273386394,-0.4266584851237186,0.061052727823010466,0.5040199397376572,-0.3636313501355765,0.3425873158430198,0.32014403977999606
0.9954256614163683,1.017387951886683,0.9738566105810998,-0.3452803989857953,0.682917865750533,-0.5002885666741499,-0.20840339933549185,-0.7790280877424747,-0.7464674649314953
1.1112285030700637,0.8501563432778846,-0.010466231261732406,-0.49881537740804716,-0.07523532912992598,-0.295649855758776,0.865199797196797,1.6797741636680679,1.9870962095255167
0.7193857562336803,1.3219748138744922,0.925220797035387,-1.1020121700768242,-0.4361973277925608,-0.8194158219292214,0.46041256117870755,0.7468837922430056,-0.5221553050708876
-0.19204783365484596,-0.47809576340029913,-0.49787359455788016,-0.12962712768196683,-0.1373702305760483,-0.27957644168673534,1.0996787270909896,1.0165399765263432,1.1025681113445278
0.7531597773811041,0.9024145055777821,0.6468589855222764,0.5267825251514835,0.6974085023238115,0.9471882987304128,-0.44900476511101306,-0.32717269761745627,-1.1468320627226254
0.34310606246525255,-0.5181724002174664,-0.5627505608562089,0.2949278135752603,0.6862182315249115,0.1571559493505444,0.1434146344957209,-0.47571409696262845,-0.07787758789402002
-0.21250240420544125,-0.05833611317270343,-0.13693687415438144,-1.5835891416015424,-0.9311899459777551,-0.8470014977532717,0.9791665584019124,0.41296230243134513,0.9704252912054984
-0.3078512195772958,0.2716328870846403,-0.15304646619057732,0.3336330564270713,-0.1537880877779541,0.27231123673239976,0.10505420723591719,-0.23652259177998403,0.5858630582519453
0.4857610699121029,0.2604462000862753,-0.10050782278024704,0.10540634075604222,0.08590929317157431,1.2585773398933169,1.3707330127974868,1.0344279920486832,0.07220480181719036
2.2939372265220004,1.8355794282913092,2.2884350292765907,-1.3115511727905662,-0.9927832045368695,-1.2206621370793453,-0.7013637151237899,-0.7821582109111187,-0.2644616820940091
-1.0190000318492465,-0.8780826998903026,-1.7843573443661402,0.5456389290872248,0.6919267360708001,0.8046468480921491,1.4254800772993763,1.2895412678649,0.27110436803499083
0.8045002411112846,0.33440104144500526,0.9131583636920633,0.014164431178783077,-0.2807274848013383,-0.5628307318795177,1.7612395804487277,2.15744314413216,1.6827423898480423
-1.7473746620439148,-1.4645849767683587,-1.205297290465465,-0.06704922477311737,1.0692160413542264,1.077722459815245,-0.3159461191951264,0.02409416772583839,0.3251118415646849
0.27582712028889167,-0.7482759836610169,-0.7989141600283283,-1.8184121875623438,-0.5365198171113804,-0.5230281225044663,-0.3197010233412683,-0.1983513555159398,-0.6336650826175162
0.4126223203664177,-0.02427721787324455,1.4144483837406423,-1.3703658626301374,-0.9959208082281582,-1.9688290546674954,1.2636037402648317,0.6222197976220908,0.8384940436423418
0.17247820137198352,0.8674788653429528,-0.1565333608597027,-0.5818294777021886,-1.5759600569739396,-0.90344020604477,1.2171660993357867,0.7669601155613526,1.3424398395637684
-1.1639061623511882,-1.1957046908391875,-0.6467471808239175,0.5340464985048805,-0.12118041832679304,0.32243776101085486,-0.3324027484544041,0.13384554311137886,0.35658851082747933
-0.5978983060451717,-0.5892140459162866,-0.49685841297343514,0.2916417674870358,0.4600208542313483,0.05653264309794076,0.295097769348188,0.017608829595032904,-1.110841034268682
0.675183163269133,0.3649931042987048,1.3469114447592574,-0.9201077743363459,-0.29338079327582833,-1.005682149553665,0.1687521871576816,-0.2128570339533727,-0.6741301126301944
-0.45575041919360015,-0.38829396307835534,-0.7467163614941639,0.8337230056768232,0.3294279420784888,0.6933634309559412,-0.7278985718286631,-1.10827917603035,-0.6110327866589988
0.3419351733596938,0.4778158977231011,0.05508601217649839,-1.7186345296969554,-1.1917037443314984,-1.31009413793503,-0.9171373675969069,-1.4533795117834896,-0.08370581442068536
0.6819419795465099,0.3760896832765678,0.03324681355833936,0.13767926882463447,-0.6534053577254454,0.01944508746989767,-1.159008944692984,-1.131239504200223,-0.9450991797929746
-0.3398665574790618,-0.6893512187516473,-0.7077122259789456,-0.7666248961433146,-0.9905230201563634,-0.9653911104090571,-0.2321178287882017,0.2271093392829996,-1.1866388896043727
1.6174926173440012,1.433912177013163,2.249526441169613,-0.09738492324217546,-0.1001320100535969,0.09333045280860908,0.3226708071024928,-0.5364616495717335,0.8071210020755606
0.8927700851697519,0.5567752958179277,-0.07599712328842512,1.1417829526175622,0.26326107636411633,0.47127606507872694,0.7764400563296094,0.2397422412639968,0.8485702159825474
-1.1443258737562296,-1.5170762611337438,-2.2441012956503883,-0.5313643053556552,-0.4020230671462828,-0.6981177922495475,0.9988081438635698,1.4883279342479332,1.6670292386375622
-0.3418796742392549,0.7734562507465965,-0.25931228533919237,-0.5112298856668598,-0.2492794060884937,0.030424242500150522,-0.8905026947351716,-1.2008168957180707,-1.22347957623988
-0.2904691438747672,-0.266860544682571,-0.21548478150211886,0.7948045224947548,0.7072302299013788,0.4926539668819806,0.13166425377109336,0.7629098688460418,0.8662784222937107
0.9624157647613385,0.8906544487772838,1.4514353503493718,-1.1691438575741664,-0.6679527644555829,-0.3600318625921103,-0.32817951780475635,0.2253740240464058,-0.2567339922208904
-0.7530419920901573,-0.2896120094359253,-0.7550483520044192,0.3906684372164902,0.8645158465266132,1.4758454407518717,0.35905723650983257,-0.029624867993802928,0.08782318315904145
0.4584935721511286,0.38907403396730067,-0.17079148659621335,-1.0674784589713362,-0.6224056205045767,-1.1039545273488058,0.3532574420420039,1.61973486678333,1.1877381182024778
0.343967588371355,0.4258997187678028,0.48250941632768396,0.21420798315838924,0.5676704637378176,0.13777018867612056,-0.6419856991695094,-1.4533451186448871,-0.6586830029511075
0.7428347367247141,0.08729585673674634,1.2439309957963856,1.214196845339809,0.7986840973934981,1.036576203154886,0.22972655454811594,0.6911782342823869,-0.08678165922825776
-1.0294658553581688,-0.6803323042379866,-1.4512080200264283,-2.3062835730547118,-2.5914883180376003,-2.6603332650515155,0.26278457785906917,0.0473958507905535,0.7004055673995656
-0.2613693696401717,-0.49469362260539546,-0.2057035191629395,-0.18910393744659287,-0.1189655941278554,-1.0311104931745105,-0.06511554471974768,0.6534839467403744,0.5684589936125963
-0.8184662836868457,-0.5439083905125721,-0.03737172813188866,0.46174052771171087,0.2124155066230163,0.3711616750264744,0.2654186949798149,0.37894091141517106,0.5350780978606029
-1.0986837390966873,-0.22278485529956096,-0.38755864134040263,-0.16615643728983992,-0.48724207584734314,-0.7449676551101503,0.767785723568426,1.4254476190936274,2.7963864696312464
2.0501654175148665,1.731131196770222,1.6647414628924846,0.16575881209187993,0.5371936761255136,0.3402786196140192,-0.5849504506658467,-0.354819431992185,-1.0185980856316048
-0.014799170558566721,0.2919958283670935,0.7649019768917165,-0.42111187582906484,-0.5795946866687263,-0.1826757985295796,-1.0769868614875102,-1.1148584490605873,-0.4922274909842211
-1.405264103250559,-0.759085562994946,-2.216088476101236,0.3993111358453738,0.4845874048496787,-0.28517166333315824,-0.01611461452108509,-0.1948993682687775,-0.7734082943259739
-0.12706648779766505,1.3233893407924384,1.0972258801616617,-0.47139387459802373,0.1378283150562234,0.46760405760383594,-0.13341875422239924,-0.26957059701596797,-1.1270731773904115
1.442140258534306,1.5818106097042703,1.6483103040604004,0.6709790536977432,1.0908751724420562,1.2553206909048644,-0.3232413090587818,-0.1907069216573214,-0.43496442353389797
0.2967362910779182,1.7633989280579607,0.19696557575344942,0.08204626313030464,-0.3682876941693646,0.6412109932207148,1.5596157157497936,1.2555589018101463,2.074737498630566
-0.5586899087086632,-0.8373551179151916,-1.1629519295486197,-0.2682662397291242,0.7210994576072017,0.04070857432682712,0.756836790061949,1.1414009096767828,0.5424227253885682
0.016539577444052544,-1.043268954668703,0.11365275248555684,-0.6572047167865731,-0.18381366379218472,-0.028879178683574314,0.24234824416664225,-0.34028663770532286,-0.5265839087943168
0.7382687812782087,1.188174452872449,1.0852406284168836,-0.5805733286758585,-0.48903521254922677,-0.8756191618233695,-0.29300783277922904,-0.935076235837477,-0.4929028417638964
0.3348387496426989,-0.3429052719800354,-0.2557527001757271,0.003709122029394274,-0.24543534453683422,-0.03320336870305529,0.28251033022154487,0.04510258401086242,0.4735052814102361
0.7477617373136205,0.8265747013354581,1.044348788527064,0.4205862455034075,-0.4343775934945202,0.4237426640578797,0.012469623448400635,0.08813771707425255,-0.5422519608591703
0.48977468934002044,0.811516377908519,1.223136429520022,-0.25935162010919266,-0.1312280119819157,-0.1575855447443232,0.06382804923975499,1.0175864347112489,0.04995209060162997
-1.7413066632118956,-0.7042337236981675,-0.17825161267171752,0.5721790703843193,-0.2089062034453396,-0.20944047104316904,-0.16746724793002965,0.04680194007108816,0.27574541594223523
0.8687567441868567,-0.5313870437590064,0.24327817597313683,1.6053719235565924,0.9117124447143933,1.509832781870253,-1.4560311812936657,-1.0426197815967526,-1.6668752943038794
-3.1488428587606965,-2.352496440962761,-2.886967150501528,0.8530857027169098,0.0008436179150281831,1.022903520389877,1.0264130778384433,0.7214078909335366,0.5167859992056341
-1.4776696118501889,-1.057279530617723,-1.5627352019597283,-0.3021075269072714,0.21685887747848132,-0.6727603806407374,1.0140790813723162,1.726217109273843,2.094126793991462
0.20697365168932785,-0.4090070858971013,-0.3257363315058237,1.0671160774910073,0.5891443880376459,1.2663750467871997,-0.0009977255493789916,-0.16278535386235882,-0.16815549349913061
-0.022325583036170493,-0.6380168656071508,-1.4603035018948411,-0.5595637614618739,0.3278383228515137,-0.9141229583034945,-0.41370300809672,0.5050958826303107,-0.32826701320195384
1.8596381705495157,1.810649714492707,2.337547260537597,-2.606026491452855,-1.6410077598454167,-1.4950423965934012,0.3696942999226758,-0.15122345736446213,0.34890872693469555
-0.9185494543475624,-0.8432303526432504,-1.357481565137504,-0.860180713608445,-1.3886036006793616,-1.4002870057330674,0.03942488542414779,0.08291659338363058,0.7307383160745471
-0.11413385269147266,-0.7863843655019624,-0.3467581153134911,-0.9275342823807086,-1.7561641206975624,-1.4627927538514607,-0.2014059020811425,0.5535593598812102,0.6824257081167804
0.44595868534099614,0.2693594713883202,0.3382606699736692,0.08927537366359006,0.24826520917385944,-0.06610976217877745,1.7161865743696487,1.665738992226753,2.1707911067942405
1.4565900671675986,1.4875438970045414,1.3145869387084854,0.40089369718810963,-0.04946640574198082,-0.26213218610123346,-0.9064597721631503,-0.2101301142648875,-0.2782453850941845
-1.0362131513558013,-1.2490166675533603,-0.6142555198891942,1.8356021385427135,0.9541911999964574,1.7416042078816452,-0.6660914140649505,-0.9079925073583978,-0.1936740246550297
0.9722114433047182,0.7606077598393046,0.7977876322456829,0.2970049353959051,0.29285645197602894,0.39841154172116877,-1.6507813979447459,-0.6129604480407405,-1.113073014840001
-0.016850802344139326,0.013038420605389772,0.08705273701252544,-0.09635414008485316,0.047342724300813044,-0.4127272184050731,0.21016636773878794,-0.22319688294111067,-0.5802162585053775
-1.0867927563850313,-1.0010153809664617,-1.1803460202223752,0.41646370677305133,1.0275434331894266,0.343043149434657,0.338043510570851,-0.38969852123714793,-0.5378387110712302
0.25741274866390695,0.5827846055218331,-0.11211587765133868,-1.8953373896171282,-0.9683950243483489,-2.7750720547761283,1.4779478073228225,1.7983676249046496,1.7298844188866924
-0.5179349692193782,0.09096252745831637,-0.06555391034599115,0.4348001063953094,0.02102273236036184,0.35191312121758683,0.09139363183293037,0.1057515743533215,-0.7986321361303348
-0.5195093524449357,-0.25233883644834515,-0.55500990826228,1.0982459299771001,0.00918656128806139,0.06785756595344805,-0.1594960296751755,0.2103701650463461,-0.053903934136389026
-0.3395947748683519,-0.3061354116278268,-0.10889901331588697,-1.238647506896273,-1.2003964364951993,-1.2925899414253341,0.20425343460983555,0.020343117699488107,-0.34093085779192533
-0.7496866043757165,-0.4447028379325963,-0.6237506291251267,0.7349275286249787,0.9047400328780048,0.9239993524533366,1.0306387922459526,1.0534983998600216,0.6430599733435857
0.16277153666238983,0.3684146848069822,-0.46036137474261035,0.27100830953817023,-0.14855608523815453,0.5763038769202509,2.1271539732323657,1.4241714700090318,3.1241477444930443
1.0865054541546773,0.3143582113280258,0.5626753780174641,-0.0917476315489951,-0.6735619056885781,-0.49457732230666684,0.0842463817064506,-0.35959554937859156,0.05475372916707272
1.636140095317207,1.8009973117951084,0.8255269849184159,-0.07131643356838879,0.5804624588943536,0.43772456495681983,-0.09855471290265683,-1.2035610276064277,0.32765150259130454
-1.6184526405107502,-1.0263253234246352,-0.8100115634683231,0.8980819049886216,1.5700240598348965,2.3363718537392746,0.950818166785267,1.0814948721495246,0.4505867815399393
1.3105754450968785,1.5829972525601408,1.9527059383644414,-0.07472173574983729,0.1404251767055812,0.29770284118629264,-0.11644178279026929,-0.14727324623832588,0.6422038406280373
-1.1853617644227152,-0.9934251269165152,-2.339899619356224,-0.2897085013253946,-0.12964372346979253,0.3498609105434138,1.0933473424770415,1.894063059386823,1.1446335430807921
-0.5144230334437905,-0.6735958596981211,-0.26029021635197036,-0.5707447986911197,-0.41371291536047783,-0.22571777366280918,0.4180589748224815,0.27670169214159457,0.24725741591454192
0.3808005051888514,-0.29250148025310685,0.22862292359988556,-0.738987623098822,-0.9645843163326759,-1.379088781801155,-0.25008472291898715,-0.3361712563234124,-0.6906136750749836
0.4448143337978469,-0.4135682184135151,0.38056248512920154,0.4829692896261911,0.9373144360308866,1.050017706884614,0.020442374684277898,0.16236481905081424,1.027422950199703
-0.8854973978019292,0.06914397749645718,-0.02424938942927668,-0.1038800469387956,-0.18515894424670598,-0.5254879257125397,1.8516335346976946,0.6608769568392048,0.8393413512839131
-0.12434759782743621,-0.36642883360707135,-0.9373790131798456,0.18795089561644202,-0.6883787788416629,-0.3422636379331457,1.2629433670593204,1.1417500648973693,1.1657856965552342
-0.9280109456943482,0.6781790600061179,-0.3976904095339827,-0.26193621356776203,-0.7061645568125456,-0.5275238915582855,0.6466665530428316,-0.6400316408389235,0.6981949838319752
-0.7120388631358547,-0.6382543693239036,-0.5944813994764465,0.6320667182144744,-0.26332582401355736,0.4153589281207002,0.882154496184821,1.2574584371476827,1.8814627214721542
0.8075944512738346,0.668541989193532,1.0331779178991085,-0.18860356288274904,-0.026446100061895517,0.24649718099756038,0.8505528843960776,0.9537163057526542,0.46058834214521605
-0.35158510464062986,0.8667548212026834,0.4065925886636183,1.2456766703744269,0.6929027730643851,1.0673299364595232,0.7249598088211275,0.48470263458338275,1.747636387848494
-0.3781377810243638,0.3174004385811913,-0.9244063684301165,-0.43831883369798164,-0.9368695670777349,0.11353195376320102,0.5499601174792592,0.023971964093054632,1.0424152469909695
0.711824780775928,1.4543213434578346,0.6820183136232785,0.052292298661788,-0.5576563799554851,0.1898192493050974,-0.030593448196383224,0.5535745546614832,-0.5397578074959828
0.4668355984681466,0.6984561568508836,-0.04184077393244723,-1.2117538658419083,-1.0867175498802146,-1.4057750215766391,-0.3793332810459915,-0.2755031714737666,0.5348956523792544
0.7398553486970326,0.978628493511857,1.1619787623945035,-0.976938114467315,-0.2280983502937005,-0.15103593794608097,1.0988777401046446,0.38321607231746596,1.2203160550680126
1.0493592455284275,0.6777509690270018,0.575190617200028,0.6289962576458933,0.2918480799458967,0.8711437715545309,-0.7156521563196884,-0.11692915274517346,-0.8262326078698756
